2024-01-22 00:04:57.207965,new@soemthing.com,hello,"asvjhsaebfkajsnf


dfshgasvebhf
dfg"
2024-01-22 00:05:57.043181,"
",new@soemthing.com,hello,"asvjhsaebfkajsnf


dfshgasvebhf
dfg"
2024-01-22 00:06:41.734403,new@soemthing.com,hello,"asvjhsaebfkajsnf


dfshgasvebhf
dfg"
2024-01-22 00:06:41.734403,new@soemthing.com,hello,"asvjhsaebfkajsnf


dfshgasvebhf
dfg"
2024-01-22 00:07:01.392086,new@soemthing.com,hello,"asvjhsaebfkajsnf


dfshgasvebhf
dfg"
2024-01-22 22:12:23.243270,dfg@gfhfth,Job Recruiter for Junior Software Developer,xxx
2024-01-23 00:03:54.601483,razobernard333@gmail.com,Job Recruiter for Junior Software Developer,YAY
2024-01-23 00:05:35.533398,razobernard333@gmail.com,hello,x
2024-01-23 22:41:10.735371,test@ifk.com,sss,s
2024-01-23 22:51:39.226838,test@ifk.com,sss,s
2024-01-23 22:53:49.222675,test@ifk.com,sss,s
2024-01-24 00:42:14.927890,test@ifk.com,Job Recruiter for Junior Software Developer,hey
2024-01-24 00:45:02.655054,dfg@gfhfth,hello,sss
2024-01-24 00:45:38.330373,dfg@gfhfth,hello,sss2
2024-01-24 00:45:38.330373,dfg@gfhfth,hello,sss2
2024-01-24 00:51:56.530821,dfg@gfhfth,hello,sss2
2024-01-24 00:53:33.379006,dfg@gfhfth,hello,sss2
2024-01-24 00:58:54.777068,dfg@gfhfth,hello,sss2
2024-01-24 01:01:10.282976,dfg@gfhfth,dfgh,as
2024-01-24 08:32:35.312193,new@soemthing.com,hey,dee
2024-01-24 08:34:52.390945,new@soemthing.com,hey,dee
2024-01-24 08:47:37.906034,dfg@gfhfth,hey,ddd
2024-01-24 08:49:29.889455,dfg@gfhfth,hey,ddd
2024-01-24 08:50:50.721262,dfg@gfhfth,hey,ddd
2024-01-24 08:51:04.281820,dfg@gfhfth,hey,ddd
2024-01-24 08:54:53.228717,dfg@gfhfth,Job Recruiter for Junior Software Developer,ddd
2024-01-24 08:55:17.881786,dfg@gfhfth,Job Recruiter for Junior Software Developer,ddd
2024-01-24 08:56:12.756546,dfg@gfhfth,Job Recruiter for Junior Software Developer,ddd
2024-01-24 08:57:55.789325,dfg@gfhfth,Job Recruiter for Junior Software Developer,ddd
2024-01-24 08:58:15.307654,dfg@gfhfth,Job Recruiter for Junior Software Developer,ddd
2024-01-24 08:58:45.042859,dfg@gfhfth,Job Recruiter for Junior Software Developer,ddd
2024-01-24 08:59:48.903142,dfg@gfhfth,Job Recruiter for Junior Software Developer,ddd
2024-01-24 09:01:06.850650,dfg@gfhfth,Job Recruiter for Junior Software Developer,ddd
2024-01-24 09:01:06.850650,dfg@gfhfth,Job Recruiter for Junior Software Developer,ddd
2024-01-24 09:01:38.571370,dfg@gfhfth,Job Recruiter for Junior Software Developer,ddd
